[{"id":1,"first_name":"Smith","last_name":"Comiskey","email":"scomiskey0@uiuc.edu","gender":"Female"},
{"id":2,"first_name":"Denice","last_name":"Poulsom","email":"dpoulsom1@bbc.co.uk","gender":"Agender"},
{"id":3,"first_name":"Felic","last_name":"Carlett","email":"fcarlett2@ted.com","gender":"Agender"},
{"id":4,"first_name":"Mattheus","last_name":"Laste","email":"mlaste3@hexun.com","gender":"Male"},
{"id":5,"first_name":"Clay","last_name":"Chancelier","email":"cchancelier4@is.gd","gender":"Female"},
{"id":6,"first_name":"Arlie","last_name":"Hemphall","email":"ahemphall5@gov.uk","gender":"Genderqueer"},
{"id":7,"first_name":"Hilarius","last_name":"McCorry","email":"hmccorry6@java.com","gender":"Genderfluid"},
{"id":8,"first_name":"Valma","last_name":"Tumielli","email":"vtumielli7@flavors.me","gender":"Male"},
{"id":9,"first_name":"Felecia","last_name":"Edgeson","email":"fedgeson8@ebay.com","gender":"Male"},
{"id":10,"first_name":"Maury","last_name":"Duignan","email":"mduignan9@archive.org","gender":"Bigender"}]