id,name,region_id,province_id,municipality_id,barangay_id,latitude,longitude,no_of_family,no_of_individuals,no_storey_floors,no_of_rooms,no_of_toilet_for_women,no_of_toilet_for_men,common_cr,no_of_bath_shower_area_for_women,no_of_bath_shower_area_for_men,water_sources,breastfeeding_area,with_storage,floor_area,used_as_covid19_ttmf,inspected_safe
1,Aggasian Elementary School,2,231,23114,4522,17.133056,122.133056,10,50,8,19,0,0,19,0,0,Pump Well,1,0,,0,1
2,Day Care Center Purok 3,2,231,23114,4522,17.133056,122.133056,6,30,1,1,1,1,0,1,2,Water Pump,1,0,,0,1
3,Day Care Center Core Shelter Purok 7,2,231,23114,4522,17.133056,122.133056,6,30,1,1,1,1,0,1,1,Water Pump,1,0,,0,1
4,Day Care Center Core Shelter Purok 5,2,231,23114,4522,17.133056,122.133056,4,20,1,1,1,1,0,1,1,Water Pump,1,0,,1,1
5,Barangay Hall,2,231,23114,4522,17.103333,121.926389,6,30,2,2,1,1,0,1,1,Water Pump,1,0,,0,1
6,Day Care Center,2,231,23114,4523,17.099444,121.850833,6,30,1,1,1,1,0,1,1,Water Pump,1,0,,0,1
7,Day Care Center Sitio Bating,2,231,23114,4523,0,0,6,30,1,1,1,1,0,1,1,Water Pump,1,0,,0,1
8,Barangay Hall,2,231,23114,4523,17.089722,121.852778,14,70,2,2,1,1,0,1,1,Water Pump,1,0,,0,1
9,Covered Court,2,231,23114,4523,17.098333,121.861944,20,100,1,1,1,1,0,1,1,Water Pump,1,0,,0,1
10,Alibagu Elementary School,2,231,23114,4523,17.101389,121.860556,20,100,13,13,1,1,16,1,1,Water District,1,0,,0,1
11,Alibagu High School(Isabela Sports high school),2,231,23114,4523,17.101667,121.86,20,100,1,1,2,2,5,2,2,Water District/Pump Well,1,0,,0,1
12,Alinguigan 1st Elementary School,2,231,23114,4524,17.133056,122.133056,20,100,10 NSBI 6 bldg.,10,0,0,8,0,0,Water Pump,1,0,,0,1
13,Barangay Hall,2,231,23114,4526,17.130278,121.9175,6,30,2,2,0,0,1,0,0,Water District,1,0,,1,1
14,Day Care Center,2,231,23114,4526,17.130278,121.917556,6,30,1,1,1,1,0,1,1,Water District,1,0,,1,1
15,Barangay Hall,2,231,23114,4527,17.109444,121.846944,2,10,2,2,1,1,0,1,1,Deep Well,1,0,,1,1
16,Health Center,2,231,23114,4527,17.109444,121.846944,8,40,1,1,0,0,1,0,0,Deep Well,1,0,,0,1
17,Barangay Hall Compound,2,231,23114,4528,17.147778,121.892556,40,200,2,2,1,1,3,1,1,Water District,1,0,,1,1
18,Covered Court,2,231,23114,4529,17.151111,121.887222,6,30,1,1,1,1,0,1,1,Water District,1,0,,1,1
19,Day Care Center,2,231,23114,4530,17.123611,121.866667,0,0,1,1,0,0,1,0,0,Water District,1,0,,0,1
20,Old Baragay Outpost,2,231,23114,4530,17.113333,121.857778,0,0,1,1,0,0,1,0,0,Water District,1,0,,0,1
21,Covered Court,2,231,23114,4531,17.113889,121.958889,2,100,1,1,0,0,1,0,0,Deep Well,1,0,,0,1
22,Bangag Elementary School,2,231,23114,4532,17.166389,121.898333,20,100,2 NSBI 3 Bldg,5,0,0,6,0,0,Deep Well,1,0,,0,1
23,ICC Building,2,231,23114,4534,17.166389,121.898333,15,75,1,0,1,1,1,1,1,Pump Well,1,0,,1,1
24,Covered Court,2,231,23114,4534,17.120833,122.010556,25,125,1,1,0,0,1,0,0,Pump Well,1,0,,0,1
25,Barangay Hall,2,231,23114,4534,17.121944,122.006944,15,75,2,2,0,0,2,0,0,Pump Well,1,0,,0,1
26,Batong Labang Elemetary School,2,231,23114,4534,17.121667,122.006111,20,100,11 NSBI 8 Bldg,15,0,0,13,0,0,Pump Well,1,0,,0,1
27,Barangay Hall,2,231,23114,4535,17.121944,121.788333,6,30,2,2,0,0,1,0,0,Pump Well,1,0,,0,1
28,Bliss Village Elementary School,2,231,23114,4609,17.121667,121.875556,30,150,13 NSBI- 13 Bldg.,21,3,5,12,3,5,Water District/Pump Well,1,0,,0,1
29,ISAT Anex,2,231,23114,4537,17.137778,121.845556,30,150,2,0,0,0,17,0,0,Electric Pump,1,0,,0,1
30,Barangay Hall,2,231,23114,4538,17.128333,121.829167,6,30,2,2,0,0,1,0,0,Deep Well,1,0,,0,1
31,Cabisera 14-16 Elementary School,2,231,23114,4553,17.112778,121.976944,12,60,1,0,0,0,11,0,0,Pump Well,1,0,,0,1
32,Day Care Center,2,231,23114,4553,0,0,6,30,1,1,1,1,0,1,1,Deep Well,1,0,,0,1
33,San Rafael Elementary School,2,231,23114,4594,17.083056,121.979167,12,60,5 NSBI- 5 Bldg.,7,0,0,7,0,0,Pump Well,1,0,,0,1
34,San Rafael National and Voc'l High School,2,231,23114,4594,17.075278,121.967556,20,100,2,0,0,0,12,0,0,Pump Well,1,0,,0,1
35,Day Care Center,2,231,23114,4554,0,0,0,0,1,1,1,1,0,1,1,Water Pump,1,0,,1,1
36,Dappat Integrated School,2,231,23114,4554,17.049167,121.964444,4,20,6 NSBI- 13 Bldg.,21,0,0,2,0,0,Deep Well,1,0,,0,1
37,Cabisera 23 Elementary School,2,231,23114,4543,17.081111,121.972556,15,75,8 NSBI - 4 Bldg.,9,0,0,7,0,0,Solar Pump Well,1,0,,0,1
38,Church,2,231,23114,4543,0,0,30,150,1,3,1,1,0,1,1,Reservior,1,0,,0,1
39,Barangay Hall,2,231,23114,4541,0,0,6,40,2,2,0,0,1,0,0,Deep Well,1,0,,0,1
40,Cabisera 25 Elementary School,2,231,23114,4541,0,0,20,100,4 NSBI-5 Bldg.,11,3,4,3,3,4,-,1,0,,0,1
41,Covered Court,2,231,23114,4521,0,0,0,0,1,1,1,1,0,1,1,Water District,1,0,,0,1
42,Cabisera 3 Elementary School,2,231,23114,4542,17.133056,122.133056,12,60,6 NSBI- 5 bldg.,8,0,0,6,0,0,Barangay Water System,1,0,,0,1
43,Covered Court,2,231,23114,4542,17.083889,122.016389,20,100,1,1,1,1,0,1,1,Water Pump,1,0,,0,1
44,Day Care Center,2,231,23114,4542,0,0,6,30,1,1,1,1,0,1,1,Water Pump,1,0,,1,1
45,San Manuel Elementary School,2,231,23114,4536,17.075556,121.964167,0,0,7 NSBI 4 bldg.,7,0,0,6,0,0,-,1,0,,0,1
46,Day Care Center ( Core Shelter Site),2,231,23114,4536,0,0,4,20,1,1,0,0,1,0,0,Deep Well,1,0,,0,1
47,Day Care Center,2,231,23114,4533,17.111389,121.960833,6,30,1,1,1,1,0,1,1,Water Pump,1,0,,1,1
48,Cabisera 6  Elementary School,2,231,23114,4539,0,0,12,60,4 NSBI- 6 Bldg.,8,0,0,5,0,0,Barangay Water System,1,0,,0,1
49,Day Care Center,2,231,23114,4539,0,0,6,30,1,1,1,1,0,1,1,Water Pump,1,0,,1,1
50,Barangay Hall,2,231,23114,4576,0,0,6,30,2,2,0,0,1,0,0,Water Pump,1,0,,0,1
51,Day Care Center,2,231,23114,4576,0,0,6,30,1,1,1,1,0,1,1,Water Pump,1,0,,1,1
52,Covered Court,2,231,23114,4550,0,0,20,100,1,1,0,0,0,0,0,Water Pump,1,0,,0,1
53,Old Day Care Center,2,231,23114,4550,0,0,6,30,1,1,1,1,0,1,1,Water Pump,1,0,,1,1
54,Capugotan Elementary School,2,231,23114,4550,0,0,12,60,10 NSBI- 7 Bldg,14,1,1,2,1,1,Pump Well,1,0,,0,1
55,Cadu Elementary School,2,231,23114,4544,17.133056,122.133056,14,70,4 NSBI- 4 bldg.,7,1,1,6,1,1,Pump Well,1,0,,0,1
56,Barangay Hall,2,231,23114,4545,17.139444,122.866667,0,0,2,2,0,0,1,0,0,Water District,1,0,,0,1
57,Day Care Center,2,231,23114,4545,0,0,6,30,1,1,1,1,0,1,1,Water District,1,0,,1,1
58,Day Care Center,2,231,23114,4546,17.132222,121.865833,5,25,1,1,1,1,0,1,1,Water District,1,0,,1,1
59,ILAW Office,2,231,23114,4546,17.132222,121.865833,5,25,1,1,0,0,1,0,0,Water District,1,0,,1,1
60,AMA Office,2,231,23114,4546,17.132222,121.865833,5,25,1,1,0,0,1,0,0,Water District,1,0,,1,1
61,SK Office,2,231,23114,4546,17.132222,121.865833,5,25,1,1,0,0,1,0,0,Water District,1,0,,0,1
62,Barangay Hall,2,231,23114,4547,17.142778,121.904722,6,30,2,2,0,0,2,0,0,Water District,1,0,,1,1
63,Capellan Elementary School,2,231,23114,4548,17.133056,122.133056,12,60,15 NSBI- 9 Bldg,17,1,1,6,1,1,Electric pump/deep well,1,0,,0,1
64,Barangay Hall,2,231,23114,4549,0,0,4,20,2,2,0,0,2,0,0,Deep Well,1,0,,0,1
65,Day Care Center,2,231,23114,4549,0,0,3,15,1,1,1,1,0,1,1,Deep Well,1,0,,1,1
66,Capo Primary School,2,231,23114,4549,17.164444,121.905556,20,100,2 NSBI - 2 bldg,2,3,3,2,3,3,Electric Pump,1,0,,0,1
67,Day Care Center,2,231,23114,4551,0,0,4,20,1,1,0,0,1,0,0,Water Pump,1,0,,1,1
68,Barangay Hall,2,231,23114,4552,17.1425,121.825,6,30,2,2,0,0,1,0,0,Deep Well,1,0,,0,1
69,Barangay Hall,2,231,23114,4587,17.089444,121.962222,6,30,2,2,1,1,0,1,1,Water Pump,1,0,,0,1
70,Barangay Evacuation Center,2,231,23114,4587,0,0,30,150,1,1,0,0,1,0,0,Water Pump,1,0,,0,1
71,Barangay Hall,2,231,23114,4555,17.110833,121.915556,6,30,2,2,0,0,1,0,0,Deep Well,1,0,,0,1
72,Evacuation Center at Core Shelter Site,2,231,23114,4555,0,0,12,60,1,0,0,0,0,0,0,-,1,0,,0,1
73,Barangay Learning Center,2,231,23114,4555,0,0,4,20,1,1,0,0,1,0,0,Deep Well,1,0,,0,1
74,Day Care Center,2,231,23114,4556,0,0,5,25,1,1,0,0,1,0,0,Water Pump,1,0,,1,1
75,Health Center,2,231,23114,4556,17.146944,121.940556,5,25,1,1,0,0,1,0,0,Water Pump,1,0,,1,1
76,Barangay Hall,2,231,23114,4557,17.084722,121.923056,6,30,2,2,0,0,1,0,0,Water Pump,1,0,,0,1
77,Day Care Center,2,231,23114,4558,0,0,2,10,1,1,1,1,0,1,1,Water Pump,1,0,,1,1
78,Barangay Hall,2,231,23114,4559,17.140556,121.88,6,30,2,2,0,0,1,0,0,Water District,1,0,,0,1
79,Covered Court,2,231,23114,4559,17.140556,121.888889,0,0,1,1,0,0,1,0,0,Water District,1,0,,0,1
80,Our Lady of Miraculous Medal Chapel,2,231,23114,4559,0,0,3,15,1,2,0,0,0,0,0,-,1,0,,1,1
81,Guinatan Elementary School,2,231,23114,4559,17.139722,121.883056,12,60,4 NSBI 5 bldg.,8,0,0,7,0,0,Nawasa,1,0,,0,1
82,Barangay Hall,2,231,23114,4560,0,0,6,30,2,2,0,0,1,0,0,Water pump,1,0,,0,1
83,Barangay Evacuation Center,2,231,23114,4562,17.118333,121.901944,6,30,1,1,0,0,0,0,0,Water District,1,0,,1,1
84,Barangay Center,2,231,23114,4563,0,0,40,200,1,1,0,0,1,0,0,-,1,0,,0,1
85,Day Care Center,2,231,23114,4563,0,0,6,30,1,1,1,1,0,1,1,-,1,0,,1,1
86,Old Barangay Hall,2,231,23114,4563,0,0,28,140,1,1,0,0,1,0,0,-,1,0,,0,1
87,Covered Court,2,231,23114,4565,0,0,24,120,1,1,1,1,0,1,1,Pump well,1,0,,0,1
88,Barangay Hall,2,231,23114,4567,17.158056,121.921111,6,30,2,2,1,1,0,1,1,Water District,1,0,,0,1
89,Manara 1st Elementary School,2,231,23114,4567,17.133056,122.133056,20,100,7 NSBI - 6 bldg,8,1,1,13,1,1,Pump well,1,0,,0,1
90,Barangay Hall,2,231,23114,4568,0,0,20,100,2,2,0,0,1,0,0,None,1,0,,0,1
91,Manara 3rd Elementary School,2,231,23114,4569,17.139722,121.921111,20,100,6 NSBI- 3 bldg,7,4,4,6,4,4,-,1,0,,0,1
92,Day Care Center,2,231,23114,4569,0,0,0,0,1,1,1,1,0,1,1,Water District,1,0,,1,1
93,Barangay Hall,2,231,23114,4570,17.183889,121.942222,20,100,2,2,0,0,1,0,0,Deep Well,1,0,,0,1
94,Barangay Hall,2,231,23114,4571,0,0,0,0,2,2,0,0,1,0,0,Water pump,1,0,,0,1
95,Day Care Center,2,231,23114,4571,0,0,6,30,1,1,1,1,0,1,1,Water Pump,1,0,,1,1
96,Day Care Center,2,231,23114,4572,0,0,6,30,1,1,0,0,1,0,0,Water District,1,0,,1,1
97,Barangay Hall,2,231,23114,4572,0,0,24,120,2,2,0,0,1,0,0,Water District,1,0,,0,1
98,Old Barangay Hall,2,231,23114,4572,0,0,0,0,1,1,0,0,2,0,0,Water district,1,0,,1,1
99,Barangay Hall,2,231,23114,4573,0,0,24,120,2,2,0,0,2,0,0,Deep well,1,0,,1,1
100,Barangay Hall,2,231,23114,4574,17.081389,121.898056,6,30,2,2,0,0,1,0,0,Water Pump,1,0,,0,1
101,Barangay Hall,2,231,23114,4575,0,0,20,100,2,2,0,0,1,0,0,Water Pump,1,0,,0,1
102,Barangay Hall,2,231,23114,4577,17.139167,121.874167,5,25,2,2,0,0,7,0,0,Water District,1,0,,0,1
103,Covered Court,2,231,23114,4577,0,0,10,50,1,1,1,1,0,1,1,Water District,1,0,,0,1
104,Day Care Center,2,231,23114,4577,0,0,5,25,1,1,1,1,0,1,1,Water District,1,0,,1,1
105,Barangay Hall,2,231,23114,4578,0,0,6,30,2,2,0,0,1,0,0,Water Pump,1,0,,0,1
106,Covered Court,2,231,23114,4578,0,0,20,100,1,1,0,0,1,0,0,Water Pump,1,0,,0,1
107,Day Care Center,2,231,23114,4578,0,0,12,60,1,1,0,0,1,0,0,Water Pump,1,0,,0,1
108,Pasa Elementary School,2,231,23114,4579,0,0,16,80,7 NSBI- 7 bldg,10,0,0,9,0,0,brgy water system,1,0,,0,1
109,Day Care Center,2,231,23114,4579,0,0,6,30,1,1,1,1,0,1,1,Water pump,1,0,,0,1
110,Barangay Hall,2,231,23114,4580,0,0,6,30,2,2,0,0,2,0,0,Deep Well,1,0,,1,1
111,Day Care Center,2,231,23114,4581,0,0,3,15,1,1,1,1,0,1,1,None,1,0,,0,1
112,Covered Court,2,231,23114,4583,0,0,20,100,1,1,0,0,1,0,0,Water Pump,1,0,,0,1
113,Barangay Hall,2,231,23114,4585,17.077778,121.908889,6,30,2,2,0,0,1,0,0,Water Pump,1,0,,0,1
114,Covered Court,2,231,23114,4585,0,0,20,100,1,1,0,0,1,0,0,Water Pump,1,0,,0,1
115,Day Care Center,2,231,23114,4585,0,0,6,30,1,1,1,1,0,1,1,Water pump,1,0,,0,1
116,Barangay Hall,2,231,23114,4586,0,0,6,30,2,2,0,0,1,0,0,Water Pump,1,0,,0,1
117,Day Care Center,2,231,23114,4588,0,0,6,30,1,1,0,0,1,0,0,Water District,1,0,,1,1
118,Covered Court,2,231,23114,4588,0,0,20,100,1,1,0,0,1,0,0,Water District,1,0,,0,1
119,Old Barangay Hall,2,231,23114,4589,17.200556,121.865556,6,30,1,1,0,0,2,0,0,Water Pump,1,0,,0,1
120,Barangay Hall,2,231,23114,4590,0,0,6,30,2,2,0,0,1,0,0,Water District,1,0,,0,1
121,BDRRM Office,2,231,23114,4591,0,0,10,50,1,1,0,0,1,0,0,Water Pump,1,0,,0,1
122,ILAW/SC Office,2,231,23114,4591,0,0,10,50,1,1,0,0,1,0,0,Water pump,1,0,,0,1
123,San Lorenzo Integrated School,2,231,23114,4592,0,0,20,100,13 NSBI 18 bldg,28,5,5,21,5,5,Pressurized deep well,1,0,,0,1
124,Day Care Center,2,231,23114,4593,0,0,6,30,1,1,1,1,0,1,1,Water Pump,1,0,,0,1
125,Barangay Hall,2,231,23114,4610,0,0,6,30,2,2,0,0,1,0,0,Water Pump,1,0,,0,1
126,Ilagan West Central chool,2,231,23114,4595,17.141389,121.887778,6,30,18 NSBI 15 bldg,21,1,1,25,1,1,Water District,1,0,,0,1
127,Barangay Hall,2,231,23114,4595,17.142222,121.888889,5,25,2,2,0,0,2,0,0,Water Pump,1,0,,0,1
128,Barangay Hall,2,231,23114,4602,17.135556,121.791389,6,30,2,2,0,0,1,0,0,Water Pump,1,0,,0,1
129,Barangay Hall,2,231,23114,4603,0,0,6,30,2,2,0,0,1,0,0,Water Pump,1,0,,0,1
130,Covered Court,2,231,23114,4603,0,0,20,100,1,1,0,0,1,0,0,Water Pump,1,0,,0,1
131,Day Care Center,2,231,23114,4603,0,0,6,30,1,1,1,1,0,1,1,Water Pump,1,0,,0,1
132,Barangay Hall,2,231,23114,4604,0,0,20,100,2,2,0,0,1,0,0,Water Pump,1,0,,0,1
133,Covered Court,2,231,23114,4604,0,0,6,30,1,1,0,0,1,0,0,Water District,1,0,,0,1
134,Barangay Hall,2,231,23114,4605,0,0,6,30,2,2,0,0,1,0,0,Water District,1,0,,0,1
135,Day Care Center,2,231,23114,4605,0,0,6,30,1,1,1,1,0,1,1,Water District,1,0,,1,1
136,Sipay Primary School,2,231,23114,4605,0,0,20,100,3 NSBi 4 bldg,5,2,2,3,2,2,Water District,1,0,,0,1
137,Barangay Hall,2,231,23114,4596,0,0,6,30,2,2,0,0,1,0,0,Water District,1,0,,0,1
138,Day Care Center,2,231,23114,4596,0,0,6,30,1,1,1,1,0,1,1,Water Pump,1,0,,1,1
139,Barangay Hall,2,231,23114,4597,17.141111,121.968056,6,30,2,2,0,0,1,0,0,Water pump,1,0,,0,1
140,Covered Court,2,231,23114,4597,0,0,20,100,1,1,0,0,1,0,0,Deep well,1,0,,0,1
141,Barangay Hall,2,231,23114,4598,17.203056,121.821667,6,30,2,2,2,1,2,2,1,Water Pump,1,0,,1,1
142,BDRRM Office,2,231,23114,4600,0,0,10,50,1,1,1,1,0,1,1,Water Pump,1,0,,1,1
143,Day Care Center,2,231,23114,4600,0,0,7,35,1,1,1,1,0,1,1,Water District,1,0,,1,1
144,Old Barangay Hall,2,231,23114,4601,0,0,6,30,1,1,0,0,1,0,0,Water District,1,0,,0,1
145,Health Center,2,231,23114,4601,0,0,6,30,1,1,0,0,1,0,0,Water District,1,0,,0,1
146,National Child Development Center,2,231,23114,4601,0,0,6,30,1,0,1,1,0,1,1,Water District,1,0,,1,1
147,Health Center,2,231,23114,4606,0,0,3,15,1,1,0,0,1,0,0,Water District,1,0,,1,1
148,Day Care Center,2,231,23114,4566,0,0,3,15,1,1,1,1,0,1,1,Water Pump,1,0,,1,1
149,Day Care Center (Sitio Talaytay),2,231,23114,4566,0,0,2,10,1,1,0,0,1,0,0,Water Pump,1,0,,0,1
150,Covered Court,2,231,23114,4611,0,0,20,100,1,1,0,0,1,0,0,Water Pump,1,0,,1,1
151,Barangay Hall,2,231,23114,4611,0,0,6,30,2,2,0,0,1,0,0,Water Pump,1,0,,1,1
152,Sta. Maria Elementary School,2,231,23114,4611,0,0,12,60,4 NSBI - 6 bldg,6,0,0,5,0,0,Pump Well,1,0,,0,1
153,VILLA LUNA COMMUNITY CENTER,2,231,23108,4395,0,0,60,300,0,0,1,1,0,0,0,Deep Well,0,0,,1,0
